Index;Product Name
1;Montclair Leather Tote
2;Riverside Compact Wallet
3;Horizon Key Holder
4;Summit Travel Pouch
5;Sienna Crossbody Bag
6;Harbor Medium Shoulder Bag
7;Atlas Weekender
8;Everest Structured Handbag
9;Aspen Leather Backpack
10;Willow Small Clutch
11;Pioneer Passport Holder
12;Legacy Large Travel Trunk
13;Harbor Satchel Bag
14;Saddle Bucket Bag
15;Aurora Evening Bag
16;Beacon Card Holder
17;Everly Leather Briefcase
18;Luxe Cosmetic Pouch
19;Eterna Limited Tote
20;Metro Laptop Bag
21;Summit Rolling Cabin Bag
22;Mini Crossbody Bag
23;Mariner Luxury Trunk
24;Oakwood Duffel Bag
25;Canyon Belt Bag
26;Edge Card Case
27;Cove Leather Tote
28;Mint Coin Purse
29;Lumen Limited Edition Bag
30;Heritage Travel Trunk
